Name,Quantity,Notes,Link,Cost (USD)
Raspberry Pi Pico,2,SC0916,https://www.aliexpress.us/item/3256806652932348.html?spm=a2g0o.productlist.main.3.cdd368b49rORIC&algo_pvid=a05b1e28-33a0-47e3-a698-3b5a233d465a&algo_exp_id=a05b1e28-33a0-47e3-a698-3b5a233d465a-2&pdp_ext_f=%7B%22order%22%3A%222288%22%2C%22eval%22%3A%221%22%2C%22fromPage%22%3A%22search%22%7D&pdp_npi=6%40dis%21USD%213.91%211.09%21%21%2126.14%217.30%21%402101ea8f17905408910443347e0d96%2112000056467786851%21sea%21US%210%21ABX%211%210%21n_tag%3A-29910%3Bd%3A62ed9093%3Bm03_new_user%3A-29895%3BpisId%3A5000000210792318&curPageLogUid=7qe8EVR6Pza6&utparam-url=scene%3Asearch%7Cquery_from%3A%7Cx_object_id%3A1005006839247100%7C_p_origin_prod%3A,7.82
Left PCB from JLCPCB,1,,https://cart.jlcpcb.com/quote?spm=jlcpcb.Public.2006,13.8
Right PCB from JLCPCB,1,,https://cart.jlcpcb.com/quote?spm=jlcpcb.Public.2006,13.8
Cherry MX Switches,54,"70 count, Orange key switch.",https://www.aliexpress.us/item/3256802192387196.html?gatewayAdapt=glo2usa4itemAdapt,16.8
1N4148 Diodes,54,100 count,https://www.aliexpress.us/item/3256809192784213.html?spm=a2g0o.productlist.main.2.1831648d6y6itH&algo_pvid=40caea8f-2a8a-437e-8c0c-ec052dc57137&algo_exp_id=40caea8f-2a8a-437e-8c0c-ec052dc57137-1&pdp_ext_f=%7B%22order%22%3A%22780%22%2C%22eval%22%3A%221%22%2C%22fromPage%22%3A%22search%22%7D&pdp_npi=6%40dis%21USD%213.91%211.09%21%21%2126.14%217.33%21%402101d3fe17906106696027356e1270%2112000048926087942%21sea%21US%210%21ABX%211%210%21n_tag%3A-29910%3Bd%3Aae485ae3%3Bm03_new_user%3A-29895%3BpisId%3A5000000210792324&curPageLogUid=YA8qAxdo5Dez&utparam-url=scene%3Asearch%7Cquery_from%3A%7Cx_object_id%3A1005009379098965%7C_p_origin_prod%3A&_gl=1*1gmo33g*_gcl_au*MTE1OTMzNTM2OS4xNzkwNTQwODkw*_ga*NDU2MjUxNzM1LjE3OTA1NDA4OTE.*_ga_VED1YSGNC7*czE3OTA2MTA2NzIkbzIkZzAkdDE3OTA2MTA2NzIkajYwJGwwJGgw,3.91
M3xD4.6xL3.0 heatset inserts,52,100 count,https://www.aliexpress.us/item/2255800046543591.html#nav-description,5.18
M3x5mm screws,7,50 count,https://www.aliexpress.us/item/3256805419661669.html?spm=a2g0o.productlist.main.7.2b112e5ed0u3K0&algo_pvid=d2e15f50-e499-4138-b8b2-5b72ebb5facb&algo_exp_id=d2e15f50-e499-4138-b8b2-5b72ebb5facb-6&pdp_ext_f=%7B%22order%22%3A%221010%22%2C%22eval%22%3A%221%22%2C%22fromPage%22%3A%22search%22%7D&pdp_npi=6%40dis%21USD%212.48%211.74%21%21%212.48%211.74%21%4021033b3317906525078006369e0cf2%2112000033725807572%21sea%21US%210%21ABX%211%210%21n_tag%3A-29910%3Bd%3Afff42127%3Bm03_new_user%3A-29895&curPageLogUid=SEwqGp3WA0zP&utparam-url=scene%3Asearch%7Cquery_from%3A%7Cx_object_id%3A1005005605976421%7C_p_origin_prod%3A,2.56
M3x14mm screws,6,50 count,https://www.aliexpress.us/item/3256805419661669.html?spm=a2g0o.productlist.main.7.2b112e5ed0u3K0&algo_pvid=d2e15f50-e499-4138-b8b2-5b72ebb5facb&algo_exp_id=d2e15f50-e499-4138-b8b2-5b72ebb5facb-6&pdp_ext_f=%7B%22order%22%3A%221010%22%2C%22eval%22%3A%221%22%2C%22fromPage%22%3A%22search%22%7D&pdp_npi=6%40dis%21USD%212.48%211.74%21%21%212.48%211.74%21%4021033b3317906525078006369e0cf2%2112000033725807572%21sea%21US%210%21ABX%211%210%21n_tag%3A-29910%3Bd%3Afff42127%3Bm03_new_user%3A-29895&curPageLogUid=SEwqGp3WA0zP&utparam-url=scene%3Asearch%7Cquery_from%3A%7Cx_object_id%3A1005005605976421%7C_p_origin_prod%3A,3.54
RJ45 Shield Network Jack,2,"Comes in pack of 2, RJHSE-XM80",https://www.aliexpress.us/item/3256807475583575.html?gatewayAdapt=ita2usa4itemAdapt&_randl_shipto=US,3.82
Micro USB to USB-A Cable,1,1m,https://www.aliexpress.us/item/3256804726885619.html?spm=a2g0o.productlist.main.9.61f164dbR1bmLG&algo_pvid=acde9417-40f9-4e66-ade2-f88741f01cca&algo_exp_id=acde9417-40f9-4e66-ade2-f88741f01cca-8&pdp_ext_f=%7B%22order%22%3A%223369%22%2C%22eval%22%3A%221%22%2C%22fromPage%22%3A%22search%22%7D&pdp_npi=6%40dis%21USD%212.38%210.99%21%21%212.38%210.99%21%402103128817906532619048910e1157%2112000031001201399%21sea%21US%210%21ABX%211%210%21n_tag%3A-29910%3Bd%3Afff42127%3Bm03_new_user%3A-29895%3BpisId%3A5000000210792486&curPageLogUid=fZkNX4QIKEgJ&utparam-url=scene%3Asearch%7Cquery_from%3A%7Cx_object_id%3A1005004913200371%7C_p_origin_prod%3A,2.6
USB-A to USB-C adapter,1,,https://www.aliexpress.us/item/3256808521340106.html?spm=a2g0o.productlist.main.24.61587b2djeguZn&aem_p4p_detail=202609282044435086711750823070003424001&algo_pvid=3d2486a0-f027-4bb8-ad59-83811a66e3cb&algo_exp_id=3d2486a0-f027-4bb8-ad59-83811a66e3cb-23&pdp_ext_f=%7B%22order%22%3A%22760%22%2C%22eval%22%3A%221%22%2C%22fromPage%22%3A%22search%22%7D&pdp_npi=6%40dis%21USD%213.45%211.72%21%21%2123.03%2111.51%21%402101e80f17906534835225745e0f23%2112000046334030151%21sea%21US%210%21ABX%211%210%21n_tag%3A-29910%3Bd%3Afff42127%3Bm03_new_user%3A-29895&curPageLogUid=UStOOZ8SiMc5&utparam-url=scene%3Asearch%7Cquery_from%3A%7Cx_object_id%3A1005008707654858%7C_p_origin_prod%3A&search_p4p_id=202609282044435086711750823070003424001_6,3.45
Rj45 Connector,1,0.5m,https://www.aliexpress.us/item/3256808131249599.html?spm=a2g0o.productlist.main.4.236315b3Rx3pCp&aem_p4p_detail=202609282049245498543590691270003341232&algo_pvid=2b643d04-03b7-4563-9358-6d9274f73f26&algo_exp_id=2b643d04-03b7-4563-9358-6d9274f73f26-3&pdp_ext_f=%7B%22order%22%3A%2219184%22%2C%22eval%22%3A%221%22%2C%22fromPage%22%3A%22search%22%7D&pdp_npi=6%40dis%21USD%214.03%210.99%21%21%2126.93%216.64%21%4021030dcd17906537645284043e0dd9%2112000044592588917%21sea%21US%210%21ABX%211%210%21n_tag%3A-29910%3Bd%3Afff42127%3Bm03_new_user%3A-29895%3BpisId%3A5000000210792486&curPageLogUid=aW6qB27J35RZ&utparam-url=scene%3Asearch%7Cquery_from%3A%7Cx_object_id%3A1005008317564351%7C_p_origin_prod%3A&search_p4p_id=202609282049245498543590691270003341232_1,4.37
DSA Blank Custom Keycaps,62,85 pcs (any keycaps bigger than 1u counts as 2 pcs,https://www.aliexpress.us/item/3256808841305240.html?spm=a2g0o.productlist.main.20.473c5e74Gok4q9&algo_pvid=8c00f661-7ae6-4ea5-90ee-fcf9cee20a23&algo_exp_id=8c00f661-7ae6-4ea5-90ee-fcf9cee20a23-17&pdp_ext_f=%7B%22order%22%3A%2221%22%2C%22eval%22%3A%221%22%2C%22fromPage%22%3A%22search%22%7D&pdp_npi=6%40dis%21USD%2114.18%2114.18%21%21%2194.64%2194.64%21%4021030f8317906556324084267e0c8e%2112000047637358758%21sea%21US%210%21ABX%211%210%21n_tag%3A-29910%3Bd%3Afff42127%3Bm03_new_user%3A-29895&curPageLogUid=XkyMdYfBRKvz&utparam-url=scene%3Asearch%7Cquery_from%3A%7Cx_object_id%3A1005009027619992%7C_p_origin_prod%3A,32.94
,,,,
TOTAL,,,,114.59
